Denis,2
Wilmar,4
Josephine,5
Gardie,5
Benedick,6
Gabrila,7
Bax,7
Tine,8
Austina,8
Freddi,9
Fabio,10
Doyle,10
Elli,12
Noellyn,13
Shaw,14
Maribeth,14
Rhodia,17
Dael,17
Aileen,17
Lydon,18
Ange,20
Gardner,21
Eba,21
Angele,21
Aeriel,21
Vick,22
Nate,23
Erek,23
Artus,23
Packston,24
Alano,26
Gustavus,28
Kelbee,29
Archie,29
Wilone,31
Ulises,34
Theobald,34
Tabbie,36
Palm,36
Tania,37
Mina,38
Dareen,39
Veronike,42
Sheridan,42
Ced,43
Lavinia,47
Codi,48
Kamila,49
Jewell,49
Cletis,49
Sully,50
Mireielle,50
Sunshine,52
Alysia,52
Violante,53
Shae,53
Cobb,54
Ancell,54
Ryley,56
Lulita,56
Latrena,58
Janeva,58
Bevon,58
Selestina,59
Cinda,59
Niki,62
Aleta,63
Vonny,64
Arvie,64
Jedd,69
Hanna,72
Tommy,75
Angus,75
Dinah,76
Davina,76
Davita,78
Carlyn,80
Alika,80
Nickolas,81
Danell,82
Sigvard,83
Jayme,83
Man,85
Lavena,85
Sue,86
Henka,86
Anica,86
Kimberley,87
Dahlia,87
Sidonnie,88
Ninette,88
Esther,88
Alika,88
Dalton,89
Correna,90
Lynea,91
Hugues,91
Richy,92
Paige,92
Killy,92
Jarrett,92
Gloriane,92
Maxine,93
Lilia,93
Isiahi,94
Myrta,97
Anne,97
Freeman,98
Ophelia,99
Bartholomeus,101
Shaun,102
Gawen,102
Garik,102
Antonietta,102
Dionne,103
Mallory,104
Alistair,105
Rachel,108
Rhody,110
Javier,110
Murray,113
Fionna,114
Catrina,116
Karol,117
Marcellina,118
Holli,118
Fidel,118
Thomas,119
Mitch,121
Fairleigh,121
Caro,121
Amabel,122
Monika,126
Rollie,129
Grantley,129
Bancroft,129
Phillis,130
Desiree,130
Alexandre,131
Conant,133
Quincey,135
Diandra,135
Junina,137
Devina,137
Winna,138
Kaleena,138
Dewain,138
Reggy,139
Pearline,140
Anny,142
Lalo,143
Shannah,144
Ermanno,144
Gayle,145
Rance,146
Cyndia,147
James,148
Terese,149
Amby,149
Timmy,150
Hoyt,150
Barth,150
Cristina,155
Reinhold,156
Lucien,156
Aharon,159
Perry,162
Arel,162
Mella,163
Hanni,167
Sherill,168
Crin,170
Ursulina,172
Krissy,175
Cati,175
Davita,178
Nissy,179
Eddie,179
Adiana,179
Cirilo,181
Cherie,181
Paco,182
Katharina,183
Alfie,185
Veradis,186
Eadmund,186
Aloise,187
Rafaellle,188
Lalo,188
Eugenius,188
Frederich,189
Tyson,190
Roz,190
Dania,190
Becka,191
Gale,193
Tillie,194
Vladamir,195
Frederico,195
Inglis,197
Odetta,198
Nikita,198
Neddy,198
Westley,200
Liuka,200
Selene,204
Nedda,204
Ashil,204
Atlanta,206
Roarke,208
Mathias,210
Laird,210
Yolanda,211
Raul,211
Missy,211
Alene,213
Hamilton,214
Dav,214
Ingram,218
Giusto,219
Guillema,220
Gelya,220
Chucho,220
Rhodie,222
Christoph,224
Mozes,225
Stephine,226
Salvador,226
Rhiamon,229
Cullin,230
Clerc,230
Calypso,233
Giorgio,234
Matthiew,235
Kiele,235
Lalo,236
Fons,236
Chryste,237
Nollie,239
Elizabet,239
Lock,241
Corly,241
Christye,241
Hewie,242
Valry,244
Loni,244
Rodney,245
Alfonse,246
Maria,249
Tybi,250
Stevana,252
Britte,258
Melli,259
Jazmin,260
Melinda,263
Hannah,265
Horten,266
Mira,268
Cornie,270
Melli,271
Bella,274
Yehudi,277
Biddy,278
Manfred,280
Noby,282
Latia,282
Ruthanne,285
Rochell,286
Lilia,286
Jodie,286
Norma,288
Esmeralda,288
Dottie,288
Yardley,289
Kiel,289
Amalle,289
Lorianne,290
Lowell,292
Jonell,292
Curtice,292
Alessandro,294
Prisca,295
Elysia,297
Antonella,297
Rob,300
Marion,301
Sharona,302
Philippine,302
Arline,302
Robbie,303
Todd,304
Philippe,304
Cookie,305
Rosabel,306
Norry,306
Lotty,306
Fannie,307
Waring,309
Klaus,309
Chelsae,309
Marwin,311
Royce,312
Lucy,312
Ailyn,313
Dulsea,315
Kath,317
Domeniga,318
Marleah,319
Annamarie,319
Vail,321
Tadd,321
Gwenni,324
David,324
Jere,325
Dolores,328
Ninette,329
Marlin,330
Brier,330
Stormie,331
Dawna,331
Breena,332
Susy,333
Natividad,333
Yvor,334
Rey,334
Nissie,334
Nertie,334
Tiphanie,335
Kristi,336
Korella,336
Brannon,336
Anet,336
Stafani,337
Jewel,338
Innis,339
Beulah,339
Berri,339
Willie,340
Elianora,340
Beaufort,342
Janis,343
Brew,343
Arne,344
Sinclare,345
Florence,345
Lilah,346
Noami,347
Andy,348
Cary,349
Sandra,350
Isabelle,351
Lynn,353
Christen,354
Binny,354
Herb,356
Elane,356
Germaine,357
Gardener,357
Wade,358
Muriel,360
Ignazio,360
Colly,360
Billy,360
Roselin,365
Gertrude,366
Quint,367
Olympe,367
Forster,367
Darbee,370
Sianna,371
Guy,371
Vincenty,374
Myrta,374
Ric,375
Tamqrah,376
Cathlene,376
Jacenta,378
Dorise,379
Dulce,380
Tymon,386
Oralie,386
Hussein,386
Jermaine,387
Loretta,388
Chic,388
Olag,389
Halette,390
Analise,391
Margarette,394
Barty,394
Marley,397
Maud,401
Isidro,401
Bank,401
Byran,403
Nickolaus,406
Siana,410
Kaila,410
Rozella,411
Lon,411
Lidia,411
Kalinda,412
Esther,412
Morgen,413
Marya,413
Ulrica,414
Turner,415
Adolf,415
Tess,416
Giacopo,416
Hymie,419
Carrissa,422
Waldon,423
Remus,423
Norrie,423
Mari,424
Delbert,425
Cesare,425
Berenice,425
Sarena,426
Prescott,427
Enos,427
Debi,428
Reilly,429
Laureen,430
Xenos,431
Luke,432
Chicky,432
Tiffanie,433
Shirlene,433
Tybie,434
Mureil,434
Melodie,435
Liuka,437
Dorene,437
Nolie,438
Mikkel,438
Hilda,438
Hastings,438
Aguie,438
Prince,439
Drucie,439
Norry,440
Denver,441
Lynsey,442
Haroun,443
Hadria,443
Davis,444
Brigitte,445
Isa,446
Erick,448
Berni,448
Tucker,449
Hazel,449
Annalee,449
Sibyl,450
Livy,451
Griffin,451
Marcia,454
Roshelle,455
Rina,456
Land,457
Benedetto,457
Wiatt,458
Tye,459
Boyce,459
Sandra,460
Margaretha,461
Samara,464
Morey,464
Nesta,466
Agna,470
Allen,471
Lowe,472
Valry,473
Cash,473
Wainwright,475
Sheridan,476
Reinhard,477
Marwin,480
Dorise,480
Ranice,483
Jolyn,483
Juliette,484
Ted,485
Sonnie,485
Batholomew,485
Jesse,486
Mortimer,488
Joanie,488
Carie,488
Tanny,489
Sid,490
Rikki,491
Kattie,491
Louella,492
Way,494
Marc,494
Townie,495
Cull,497
Domenic,499
Lazar,500
Demetris,500
Chelsae,500
Lorri,502
Chris,503
Jefferey,504
Eldredge,505
Ty,506
Joanne,506
Dennie,506
Randie,511
Worthy,512
Libbie,513
Elka,513
Neddy,514
Maegan,514
Mateo,515
Quent,516
Penny,516
Denney,518
Meier,519
Madelene,521
Moise,522
Hollis,522
Kiley,523
Rasla,524
Mohandas,524
Dena,524
Brittni,524
Truda,525
Lowrance,525
Ina,525
Howey,525
Aurlie,525
Corney,526
Ede,529
Carola,531
Moyra,532
Ibbie,532
Kalila,533
Ferdinande,534
Pen,537
Corrine,538
Edgard,539
Terri-jo,541
Shoshana,541
Corney,542
Tori,544
Loren,544
Arturo,545
Sioux,546
Obadias,547
Marne,548
Allegra,549
Sharlene,550
Grayce,550
Constantina,550
Stormy,551
Duncan,551
Almeria,551
Waylen,552
Nick,552
Ardelle,552
Ruperta,553
Gizela,553
Harri,554
Bernelle,554
Pepillo,556
Normand,556
Launce,556
Osbourn,557
Hort,557
Joela,559
Mariska,563
Berrie,564
Liesa,565
Darill,565
Fanchon,566
Tiebout,567
Julianna,567
Galina,567
Caryl,568
Agustin,569
Celestina,570
Berta,570
Burr,571
Harley,574
Ddene,574
Tedman,578
Leilah,579
Rollie,580
Darlene,585
Noe,586
Tobye,587
Juliana,587
Edyth,589
Gabrila,592
Justen,596
Felizio,596
Roxane,597
Keeley,597
Marybelle,598
Brittan,598
Stacy,599
Garnette,599
Aaron,599
Maryanne,601
Chris,602
Delores,603
Ula,604
Reynard,605
Roxanne,607
Tersina,608
Nananne,608
Delly,608
Christyna,610
Adrian,610
Nicholas,611
Lyndell,612
Sandi,614
Nydia,614
Madeline,615
Janette,615
Charla,615
Joell,616
Edmon,616
Demetra,616
Robyn,617
Natale,619
Earl,619
Penni,620
Ted,621
Quincey,621
Malissa,621
Lila,621
Kynthia,621
Andrew,621
Sarge,623
Harlen,623
Herold,625
Marcelo,626
Maia,626
Helaine,626
Grove,626
Faydra,626
Quill,630
Matti,631
Abbie,631
Carola,632
Belia,633
Natalie,637
Livia,637
Galven,637
Vanni,640
Lyndsie,640
Dorolice,642
Vinny,643
Kimmy,643
Lynnell,645
Granger,646
Torey,647
Adel,647
Alli,649
Claribel,650
Hortensia,651
D'arcy,652
Noelani,654
Joey,655
Henderson,658
Elva,659
Ceciley,659
Tamiko,661
Susette,662
Blair,663
Valeria,664
Stirling,665
Delmore,666
Melitta,669
Rickey,674
Roldan,677
Dominick,677
Madelle,679
Bail,680
Ezra,681
Flynn,683
Eada,683
Rabi,684
Stan,686
Coleman,687
Pepito,689
Haily,690
Denni,690
Miran,691
Titus,692
Kore,693
Delcine,696
Hortense,697
Olive,699
Berne,699
Lizbeth,700
Babita,700
Lisetta,701
Donetta,701
Marchall,702
Liza,703
Gianna,705
Ced,706
Sorcha,708
Celka,709
Izaak,710
Audre,710
Aubine,712
Maressa,713
Rockie,714
Dwayne,714
Emanuel,715
Jolie,717
Horatio,717
Forest,717
Phil,718
Mareah,719
Doria,719
Allegra,719
Melisande,720
Hobard,723
Aldon,723
Jamesy,724
Uriel,725
Pammie,729
Gardy,730
Bonnibelle,734
Guenevere,735
Wally,738
Jeno,738
Fanny,740
Eldredge,741
Lucio,743
Ethan,743
Trix,745
Rex,746
Donovan,746
Zachary,747
Patrice,747
Dulcy,747
Dulcy,748
Sunny,750
Mallissa,750
Levon,752
Elsa,752
Raynor,753
Geraldine,753
Jerad,754
Aguistin,754
Talya,757
Meade,757
Amabelle,757
Cary,758
Farris,759
Dinnie,759
Amabel,761
Jedediah,762
Tamera,765
Shirl,766
Debi,767
Elysha,768
Blane,768
Robina,773
Raff,773
Loy,773
Cissy,776
Hermina,778
Cirillo,778
Nicol,779
Gertrude,779
Shellysheldon,782
Shea,783
Quinn,784
Mil,785
Karlan,788
Shaun,789
Olympie,789
Jamie,789
Danica,791
Otho,793
Didi,793
Phelia,795
Lori,796
Dillon,798
Claudelle,798
Byram,800
Sammy,802
Sergent,805
Case,805
Elane,809
Erick,811
Millie,812
Nomi,813
Minny,813
Erek,814
Donnajean,815
Rory,816
Lorinda,816
Georgianne,816
Letisha,817
Rosabella,818
Cher,821
Dinnie,822
Langston,824
Adriana,826
Leigh,828
Aretha,828
Kaila,829
Stanleigh,830
Henrieta,830
Palmer,831
Elladine,833
Daisy,834
Carmelia,834
Edgardo,835
Renaud,837
Humfrey,838
Stefano,839
Lucie,839
Britteny,839
Jorey,840
Danie,840
Baudoin,840
Colleen,844
Sol,847
Clemmy,848
Alonzo,850
Liane,853
Langston,854
Brigida,854
Alfy,854
Daven,855
Allina,857
Lorry,858
Darius,858
Cassie,862
Arlinda,863
Rea,864
Pietro,864
Goddard,864
Britta,864
Margy,866
Loydie,866
Myrilla,868
Donny,868
Kellina,869
Harriott,869
Fin,869
Allianora,870
Minnaminnie,871
Valentin,873
Freeman,873
Richard,874
Land,874
Welsh,875
Remus,877
Linnea,877
Laughton,878
Cynthea,881
Marlie,882
Jim,882
Devin,882
Honor,883
Gardie,883
Betteann,883
Amandy,885
Reynard,886
Gray,886
Dukie,886
Cornela,887
Robena,888
Berri,888
Rubie,889
Luelle,889
Jessica,889
Alexis,889
Lemmy,890
Arlie,890
Eolande,893
Bert,895
Levy,896
Libbey,897
Harlie,897
Toddie,898
Cassondra,898
Pietro,900
Kaycee,900
Flory,900
Ilyssa,903
Clementia,903
Carney,903
Garik,904
Mayer,905
Dory,906
Conant,906
Baron,907
Zorana,908
Tanhya,909
Tobye,910
Caria,910
Claretta,912
Cyb,914
Ryley,915
Stacee,916
Marthena,918
Myrvyn,919
Lynnell,919
Hamil,919
Alvina,920
Kissiah,921
Tommie,923
Katya,923
Jessie,924
Cristen,924
Ambrosio,926
Madlen,927
Edie,927
Joscelin,928
Dionne,929
Noel,933
Gary,934
Bearnard,934
Philipa,935
Erroll,938
Kassi,939
Isabelita,939
Dorian,939
Lotte,940
Salomi,941
Emili,941
Flossie,942
Joscelin,943
Tull,944
Mikol,944
Davy,944
Remington,946
Sidonnie,947
Shirleen,950
Gay,950
Annabell,950
Sascha,953
Reyna,954
Farlay,954
Pennie,955
Katharina,956
Elvira,956
Ingmar,958
Magdalen,959
Arluene,959
Patience,961
Jamey,961
Randi,962
Farah,964
Bale,964
Pauletta,965
Chantalle,965
Susana,966
Johanna,966
Sloane,967
Port,967
Kat,967
Windham,968
Hannie,968
Arlin,970
Adria,970
Adi,971
Chantalle,972
Lyndy,974
Adrienne,974
Casandra,976
Paige,977
Joe,977
Carny,977
Claudine,979
Mariam,980
Wallis,982
Afton,982
Carla,983
Ashlee,983
Lorilyn,984
Cordy,984
Iggie,985
Brock,987
Bettina,987
Morna,988
Emlynn,988
Joell,990
Hughie,992
Saleem,995
Buddy,995
Nerty,996
Andrey,996
Emilee,997
Lin,1000
Colin,1000
